{"cameraMode":{"drawMode":0,"name":"Shaded","section":"Shading Mode"},"sceneLighting":true,"audioPlay":false,"sceneViewState":{"showFog":true,"showMaterialUpdate":true,"showSkybox":true,"showFlares":true,"showImageEffects":true,"showParticleSystems":true},"in2DMode":false,"pivot":{"x":-2.284261703491211,"y":-1.8184478282928467,"z":-1.8599399328231812},"rotation":{"x":-0.1063561886548996,"y":0.8775966167449951,"z":-0.22905761003494264,"w":-0.4074864685535431},"size":4.222835063934326,"orthographic":false}